City_ID,City,Country,Lat,Lng,Max Temp,Humidity,Cloudiness,Wind Speed,Current Description
0,Rikitea,PF,-23.1203,-134.9692,78.22,71,87,9.57,light rain
1,Lensk,RU,60.7253,114.9278,8.58,93,99,5.99,overcast clouds
2,Rosetta,EG,31.4044,30.4164,57.02,63,79,25.34,broken clouds
3,Jamestown,US,42.097,-79.2353,21.09,62,100,5.01,mist
4,Vallenar,CL,-28.5708,-70.7581,84.92,18,0,10.22,clear sky
5,Vaini,TO,-21.2,-175.2,79.68,84,100,20.71,light rain
6,Faanui,PF,-16.4833,-151.75,80.44,73,19,14.7,few clouds
7,Brae,GB,60.3964,-1.353,37.31,62,100,34.45,overcast clouds
8,Urumqi,CN,43.801,87.6005,-1.25,85,75,2.24,fog
9,Hilo,US,19.7297,-155.09,68.11,74,40,9.22,scattered clouds
10,Poronaysk,RU,49.2167,143.1167,8.06,85,100,7.23,overcast clouds
11,Ushuaia,AR,-54.8,-68.3,51.42,50,0,18.41,clear sky
12,Quthing,LS,-30.4,27.7003,64.33,75,79,8.93,broken clouds
13,Bridlington,GB,54.0831,-0.1919,42.98,68,53,24.4,broken clouds
14,Hobart,AU,-42.8794,147.3294,59.25,84,100,5.75,overcast clouds
15,Katsuura,JP,35.1333,140.3,48.22,75,29,11.99,scattered clouds
16,Georgetown,MY,5.4112,100.3354,78.89,93,40,3.0,scattered clouds
17,Key West,US,24.5557,-81.7826,82.4,78,100,11.5,overcast clouds
18,Collie,AU,-33.3667,116.15,69.98,30,29,2.26,scattered clouds
19,Kahului,US,20.8947,-156.47,68.85,79,0,5.75,clear sky
20,Provideniya,RU,64.3833,-173.3,-0.24,64,7,14.52,clear sky
21,Tuktoyaktuk,CA,69.4541,-133.0374,-23.8,69,20,11.5,few clouds
22,Chumikan,RU,54.7183,135.315,-4.85,79,96,11.41,overcast clouds
23,Busselton,AU,-33.65,115.3333,72.09,67,0,5.41,clear sky
24,Trinidad,BO,-14.8333,-64.9,87.78,66,40,16.11,scattered clouds
25,Cidreira,BR,-30.1811,-50.2056,76.8,77,95,5.01,overcast clouds
26,Novobelokatay,RU,55.7062,58.9549,23.32,95,100,3.91,overcast clouds
27,Punta Arenas,CL,-53.15,-70.9167,50.11,50,0,11.5,clear sky
28,Sao Paulo De Olivenca,BR,-3.3783,-68.8725,77.79,95,99,1.81,overcast clouds
29,Neryungri,RU,56.6709,124.6491,-4.94,96,100,10.29,light snow
30,Vila Velha,BR,-20.3297,-40.2925,80.55,84,40,11.99,scattered clouds
31,Tiksi,RU,71.6872,128.8694,-20.56,98,99,7.38,overcast clouds
32,Hasaki,JP,35.7333,140.8333,28.8,77,99,8.7,overcast clouds
33,Sinnamary,GF,5.3833,-52.95,78.71,87,97,10.09,overcast clouds
34,Goderich,CA,43.7501,-81.7165,14.92,81,85,10.76,overcast clouds
35,Usvyaty,RU,55.7456,30.7533,4.1,100,69,3.71,broken clouds
36,Lasa,IT,46.6166,10.7002,45.48,77,4,2.06,clear sky
37,Albany,US,42.6001,-73.9662,27.68,86,100,1.99,overcast clouds
38,Kruisfontein,ZA,-34.0033,24.7314,66.88,59,100,6.71,overcast clouds
39,Fasa,IR,28.9383,53.6482,56.44,47,0,6.91,clear sky
40,Port Elizabeth,ZA,-33.918,25.5701,69.1,88,100,3.44,light rain
41,Ust-Kuyga,RU,70.0167,135.6,-39.05,100,99,5.19,overcast clouds
42,Tura,IN,25.5198,90.2201,53.44,99,100,4.56,overcast clouds
43,Barrow,US,71.2906,-156.7887,-29.18,68,0,6.91,clear sky
44,Kurilsk,RU,45.2333,147.8833,22.98,80,100,10.98,light snow
45,Puerto Ayora,EC,-0.7393,-90.3518,78.76,87,42,5.01,scattered clouds
46,Port Hedland,AU,-20.3167,118.5667,86.05,79,100,5.75,overcast clouds
47,Bluff,NZ,-46.6,168.3333,48.79,65,61,9.86,broken clouds
48,Buchanan,LR,5.8808,-10.0467,87.76,65,12,12.3,few clouds
49,Norman Wells,CA,65.282,-126.8329,-30.96,68,40,9.22,scattered clouds
50,Qaanaaq,GL,77.484,-69.3632,-7.08,62,86,8.95,overcast clouds
51,Bambous Virieux,MU,-20.3428,57.7575,80.22,94,75,13.8,light rain
52,Satis,RU,54.9229,43.2298,21.58,94,100,14.45,light snow
53,Dhidhdhoo,MV,6.8833,73.1,81.23,68,27,12.55,scattered clouds
54,Khani,GE,41.9563,42.9566,33.37,99,100,6.55,snow
55,Ketchikan,US,55.3422,-131.6461,45.07,93,75,19.57,moderate rain
56,Shingu,JP,33.7333,135.9833,41.92,64,2,11.59,clear sky
57,Beringovskiy,RU,63.05,179.3167,-9.26,89,100,15.3,overcast clouds
58,Mar Del Plata,AR,-38.0023,-57.5575,73.42,91,20,5.99,few clouds
59,Ganzhou,CN,28.8184,115.4327,38.44,82,5,3.62,clear sky
60,Kavieng,PG,-2.5744,150.7967,82.29,71,100,9.13,overcast clouds
61,Mumbwa,ZM,-14.9783,27.0619,66.67,94,98,2.86,light rain
62,Auki,SB,-8.7676,160.7034,77.29,88,100,4.88,overcast clouds
63,Mataura,NZ,-46.1927,168.8643,48.47,98,100,2.15,overcast clouds
64,Abalak,RU,58.1286,68.5944,23.76,96,100,6.76,overcast clouds
65,Ilulissat,GL,69.2167,-51.1,15.82,57,75,23.02,broken clouds
66,Yellowknife,CA,62.456,-114.3525,-33.72,67,20,3.44,mist
67,Kapaa,US,22.0752,-159.319,66.18,94,0,5.75,clear sky
68,Codrington,AU,-38.2667,141.9667,54.39,93,48,8.1,scattered clouds
69,Westport,US,41.1415,-73.3579,40.75,95,100,5.01,moderate rain
70,Havelock,US,34.8791,-76.9013,77.05,92,100,11.01,overcast clouds
71,Bitam,GA,2.076,11.5007,81.55,54,81,3.0,broken clouds
72,Saint-Georges,GD,12.0564,-61.7485,83.88,70,20,19.57,few clouds
73,Raudeberg,NO,61.9875,5.1352,36.27,92,100,14.0,light snow
74,Terney,RU,45.0503,136.6092,3.61,80,5,12.82,clear sky
75,Aklavik,CA,68.2191,-135.0107,-21.28,75,0,9.22,clear sky
76,Padang,ID,-0.9492,100.3543,75.36,95,100,3.85,moderate rain
77,Saskylakh,RU,71.9167,114.0833,-7.92,99,100,4.25,light snow
78,Isangel,VU,-19.55,169.2667,78.15,89,100,8.63,heavy intensity rain
79,Avarua,CK,-21.2078,-159.775,77.05,83,20,4.61,few clouds
80,Taunggyi,MM,20.7833,97.0333,49.57,37,0,2.15,clear sky
81,College,US,64.8569,-147.8028,1.72,67,100,3.44,light snow
82,Pacific Grove,US,36.6177,-121.9166,56.57,68,0,1.99,clear sky
83,Gaogou,CN,34.0175,119.1886,29.79,48,75,9.71,broken clouds
84,The Valley,AI,18.217,-63.0578,82.26,69,75,19.57,broken clouds
85,Saint-Cyr-Sur-Loire,FR,47.4,0.6667,50.25,85,100,11.5,overcast clouds
86,Airai,TL,-8.9266,125.4092,61.18,89,100,1.95,overcast clouds
87,Fukue,JP,32.6881,128.8419,42.93,72,100,27.54,overcast clouds
88,Druzhinino,RU,56.7895,59.5143,25.84,97,100,2.89,overcast clouds
89,Te Anau,NZ,-45.4167,167.7167,44.78,95,97,3.98,overcast clouds
90,Touros,BR,-5.1989,-35.4608,88.7,54,66,16.53,broken clouds
91,Atar,MR,20.5169,-13.0499,88.0,7,23,7.05,few clouds
92,Qaqortoq,GL,60.7167,-46.0333,10.9,75,88,29.46,overcast clouds
93,Taltal,CL,-25.4,-70.4833,70.05,67,6,6.42,clear sky
94,Ossora,RU,59.2353,163.0719,10.87,86,100,5.1,overcast clouds
95,Wagar,SD,16.1525,36.2032,81.14,17,1,21.23,clear sky
96,Port Alfred,ZA,-33.5906,26.891,68.4,79,100,8.86,light rain
97,Thunder Bay,CA,48.4001,-89.3168,8.56,76,100,6.91,overcast clouds
98,Ojinaga,MX,29.5667,-104.4167,35.56,55,0,5.75,clear sky
99,Hambantota,LK,6.1241,81.1185,76.6,78,28,7.2,scattered clouds
100,Hithadhoo,MV,-0.6,73.0833,82.29,73,50,11.32,scattered clouds
101,Harper,LR,4.375,-7.7169,83.41,68,76,10.54,broken clouds
102,Chokurdakh,RU,70.6333,147.9167,-30.73,100,61,1.52,broken clouds
103,Shcherbinka,RU,55.4997,37.5597,24.8,74,0,6.71,clear sky
104,Hermanus,ZA,-34.4187,19.2345,75.9,56,7,21.61,clear sky
105,Verkh-Usugli,RU,52.7,115.1667,-11.38,97,41,3.71,scattered clouds
106,Dikson,RU,73.5069,80.5464,-2.47,89,100,5.91,overcast clouds
107,Leninskoye,KZ,41.7589,69.3864,35.38,33,0,3.51,clear sky
108,Chapais,CA,49.7834,-74.8492,-11.42,80,65,4.85,broken clouds
109,Kuminskiy,RU,58.6667,66.5667,26.55,97,100,4.36,light snow
110,Lebu,CL,-37.6167,-73.65,64.87,76,10,16.44,clear sky
111,Tasiilaq,GL,65.6145,-37.6368,17.76,67,100,38.36,overcast clouds
112,Tansen,NP,27.8673,83.5467,43.02,95,100,2.75,overcast clouds
113,Bethel,US,41.3712,-73.414,38.48,91,100,1.01,moderate rain
114,Artyom,AZ,40.4723,50.333,42.94,85,100,9.98,overcast clouds
115,Bredasdorp,ZA,-34.5322,20.0403,69.12,46,33,16.11,scattered clouds
116,Sao Filipe,CV,14.8961,-24.4956,74.82,68,0,7.74,clear sky
117,New Norfolk,AU,-42.7826,147.0587,58.91,73,85,2.06,overcast clouds
118,Cherskiy,RU,68.75,161.3,-34.64,99,9,3.8,clear sky
119,Khatanga,RU,71.9667,102.5,-35.09,100,98,3.38,overcast clouds
120,Berdigestyakh,RU,62.0989,126.6992,-23.67,99,92,2.15,overcast clouds
121,Bubaque,GW,11.2833,-15.8333,79.36,62,0,12.41,clear sky
122,Kokstad,ZA,-30.5472,29.4241,58.69,99,100,1.92,moderate rain
123,Butaritari,KI,3.0707,172.7902,82.09,75,11,17.85,light rain
124,Ahipara,NZ,-35.1667,173.1667,71.15,88,96,14.34,overcast clouds
125,Praia Da Vitoria,PT,38.7333,-27.0667,60.76,94,75,11.36,broken clouds
126,Baykit,RU,61.67,96.37,6.94,98,100,3.31,overcast clouds
127,Afikpo,NG,5.8931,7.9374,93.47,13,1,4.81,clear sky
128,Atuona,PF,-9.8,-139.0333,78.39,76,10,16.58,clear sky
129,Rangapara,IN,26.8167,92.65,56.73,78,100,14.27,overcast clouds
130,Winchester,GB,51.0651,-1.3187,46.42,60,40,1.99,scattered clouds
131,Kodiak,US,57.79,-152.4072,33.31,80,0,5.75,clear sky
132,Bonthe,SL,7.5264,-12.505,84.36,59,13,13.6,few clouds
133,Cabedelo,BR,-6.9811,-34.8339,88.47,59,67,13.11,broken clouds
134,University Park,US,25.7465,-80.3676,82.02,70,75,4.0,broken clouds
135,Saint-Philippe,RE,-21.3585,55.7679,80.19,89,100,28.68,moderate rain
136,Thompson,CA,55.7435,-97.8558,-27.24,68,0,3.44,clear sky
137,Eyl,SO,7.9803,49.8164,74.44,60,10,14.65,clear sky
138,Lagoa,PT,39.05,-27.9833,58.08,80,86,19.75,overcast clouds
139,North Platte,US,41.1239,-100.7654,32.25,47,0,1.99,clear sky
140,Broome,US,42.2506,-75.833,23.0,76,100,1.99,light snow
141,Schela,RO,45.5,27.8167,36.18,55,17,7.85,few clouds
142,Clyde River,CA,70.4692,-68.5914,-3.77,84,100,24.16,snow
143,Luderitz,NA,-26.6481,15.1594,74.93,60,6,17.11,clear sky
144,Sao Joao Da Barra,BR,-21.6403,-41.0511,86.09,84,99,11.3,overcast clouds
145,Katangli,RU,51.7102,143.2326,4.75,94,100,16.8,light snow
146,Pakala,IN,13.4667,79.1167,69.37,92,22,3.53,few clouds
147,Lazaro Cardenas,MX,17.9583,-102.2,79.32,56,1,3.49,clear sky
148,Ucluelet,CA,48.9329,-125.5528,46.09,94,100,4.0,light rain
149,Bay Roberts,CA,47.5999,-53.2648,34.34,93,100,14.0,snow
150,Gat,IL,31.61,34.7642,52.92,100,60,6.73,broken clouds
151,Santa Luzia,BR,-19.7697,-43.8514,85.1,63,75,4.61,broken clouds
152,Agirish,RU,61.9247,63.0231,4.53,96,82,4.63,broken clouds
153,Shache,CN,38.4167,77.2406,27.09,42,14,4.14,few clouds
154,Pangody,RU,65.85,74.4859,9.34,97,100,2.39,light snow
155,Toora-Khem,RU,52.4675,96.11,-19.08,100,54,0.74,broken clouds
156,Talnakh,RU,69.4865,88.3972,-2.79,96,99,7.61,overcast clouds
157,Jalu,LY,29.0331,21.5482,57.07,48,3,8.14,clear sky
158,San Carlos De Bariloche,AR,-41.1456,-71.3082,65.95,39,75,13.8,broken clouds
159,Bilma,NE,18.6853,12.9164,66.34,15,4,5.64,clear sky
160,Wakkanai,JP,45.4094,141.6739,24.51,77,100,15.77,light snow
161,Mariental,NA,-24.6333,17.9667,88.36,20,98,9.31,overcast clouds
162,Praia,CV,14.9215,-23.5087,84.74,30,0,17.27,clear sky
163,Tuatapere,NZ,-46.1333,167.6833,48.81,84,99,4.63,overcast clouds
164,East London,ZA,-33.0153,27.9116,65.34,100,75,8.05,light rain
165,Dromolaxia,CY,34.8761,33.586,53.98,85,20,3.44,few clouds
166,Chuy,UY,-33.6971,-53.4616,80.76,69,36,6.15,scattered clouds
167,Cayenne,GF,4.9333,-52.3333,84.24,83,75,5.01,broken clouds
168,Arraial Do Cabo,BR,-22.9661,-42.0278,85.96,74,40,17.27,scattered clouds
169,Teahupoo,PF,-17.8333,-149.2667,73.36,77,49,16.2,scattered clouds
170,Lima,PE,-12.0432,-77.0282,77.4,76,0,1.99,clear sky
171,Severo-Kurilsk,RU,50.6789,156.125,27.09,87,100,3.67,overcast clouds
172,Cape Town,ZA,-33.9258,18.4232,72.1,49,0,5.99,clear sky
173,Ixtapa,MX,20.7,-105.2,79.86,38,16,3.85,few clouds
174,Nurmijarvi,FI,60.4641,24.8073,27.3,92,75,20.71,snow
175,Nyzhni Sirohozy,UA,46.8484,34.3804,27.55,70,91,11.54,overcast clouds
176,Nuuk,GL,64.1835,-51.7216,7.41,85,75,11.5,broken clouds
177,Rio Grande,BR,-32.035,-52.0986,77.95,84,99,2.51,moderate rain
178,Fairbanks,US,64.8378,-147.7164,1.74,67,100,0.0,light snow
179,Nikolskoye,RU,59.7035,30.7861,19.29,95,81,7.78,broken clouds
180,Saint George,US,37.1041,-113.5841,41.47,44,0,1.01,clear sky
181,Northam,GB,51.0333,-4.2167,46.9,76,27,22.01,scattered clouds
182,Palana,RU,59.1167,159.9667,9.21,83,100,10.94,overcast clouds
183,Nouadhibou,MR,20.931,-17.0347,68.94,58,9,7.16,clear sky
184,Isla Mujeres,MX,21.2311,-86.731,84.16,69,32,9.33,scattered clouds
185,Bellmead,US,31.594,-97.1089,28.24,75,100,19.57,overcast clouds
186,Acapulco,MX,16.8634,-99.8901,80.83,54,0,4.81,clear sky
187,Lompoc,US,34.6391,-120.4579,64.13,74,0,6.91,clear sky
188,Micheweni,TZ,-4.9667,39.8333,80.87,83,99,12.15,overcast clouds
189,Hualmay,PE,-11.0964,-77.6139,75.56,72,38,11.39,scattered clouds
190,General Pico,AR,-35.6566,-63.7568,82.27,43,100,4.68,overcast clouds
191,Imbituba,BR,-28.24,-48.6703,80.82,86,97,14.29,overcast clouds
192,Grindavik,IS,63.8424,-22.4338,28.35,74,75,4.61,broken clouds
193,Upernavik,GL,72.7868,-56.1549,4.03,97,100,7.25,overcast clouds
194,Kaitangata,NZ,-46.2817,169.8464,52.93,81,100,5.48,overcast clouds
195,Divo,CI,5.8397,-5.36,94.96,26,6,4.29,clear sky
196,Tessalit,ML,20.1986,1.0114,76.37,8,0,14.05,clear sky
197,Arman,RU,59.7,150.1667,-2.45,72,96,12.26,overcast clouds
198,Felanitx,ES,39.4696,3.1483,58.96,84,29,7.31,scattered clouds
199,Japura,ID,-0.3167,102.35,73.04,97,28,1.36,scattered clouds
200,Pandan,PH,14.0453,124.1694,75.04,90,100,5.82,light rain
201,Klaksvik,FO,62.2266,-6.589,34.72,66,92,45.9,overcast clouds
202,Roald,NO,62.5833,6.1333,37.9,93,75,31.07,broken clouds
203,Idrinskoye,RU,54.3708,92.1358,-6.77,99,59,2.77,broken clouds
204,Tabas,IR,33.5959,56.9244,57.29,24,4,6.42,clear sky
205,Kununurra,AU,-15.7667,128.7333,78.78,94,40,0.0,scattered clouds
206,Ust-Tsilma,RU,65.441,52.1498,-7.89,100,91,2.39,overcast clouds
207,Alyangula,AU,-13.8483,136.4192,80.47,89,75,0.0,broken clouds
208,Karaton,ID,-6.3424,106.1045,75.36,95,100,0.69,overcast clouds
209,Sao Raimundo Nonato,BR,-9.0153,-42.6994,95.34,29,99,6.26,overcast clouds
210,Flinders,AU,-34.5833,150.8552,64.2,85,73,7.0,broken clouds
211,Bereznik,RU,62.8551,42.7072,-5.03,100,78,3.24,broken clouds
212,Kamo,JP,37.65,139.05,33.62,92,100,9.75,snow
213,Coquimbo,CL,-29.9533,-71.3436,71.33,64,20,14.97,few clouds
214,Terrace Bay,CA,48.7834,-87.1,-7.98,83,100,11.72,light snow
215,Petropavlovsk-Kamchatskiy,RU,53.0452,158.6483,25.39,59,75,8.95,broken clouds
216,Lunglei,IN,22.8833,92.7333,51.31,73,38,3.15,scattered clouds
217,Nchelenge,ZM,-9.3451,28.734,66.09,89,100,4.54,overcast clouds
218,Antofagasta,CL,-23.65,-70.4,74.21,53,19,11.3,few clouds
219,Voznesenye,RU,61.0106,35.4781,-4.38,100,84,3.76,broken clouds
220,Orlik,RU,52.5178,99.825,-18.47,96,47,2.91,scattered clouds
221,San Cristobal,VE,7.7669,-72.225,73.58,47,53,1.19,broken clouds
222,Bay City,US,43.5945,-83.8889,15.91,72,0,5.99,clear sky
223,Brunico,IT,46.7958,11.9364,43.09,93,6,1.74,clear sky
224,Warrnambool,AU,-38.3833,142.4833,54.81,85,7,11.27,clear sky
225,Margate,GB,51.3813,1.3862,45.97,71,39,3.0,scattered clouds
226,Mayo,US,38.8876,-76.5119,50.56,95,100,1.99,moderate rain
227,Wanning,CN,18.8003,110.3967,62.24,87,100,10.2,overcast clouds
228,Guerrero Negro,MX,27.9769,-114.0611,56.57,32,0,2.21,clear sky
229,Longyearbyen,SJ,78.2186,15.6401,17.44,62,0,25.32,clear sky
230,Quatre Cocos,MU,-20.2078,57.7625,80.1,86,100,15.82,light rain
231,Henties Bay,NA,-22.116,14.2845,67.86,78,1,10.36,clear sky
232,Carnarvon,AU,-24.8667,113.6333,82.47,61,9,12.66,clear sky
233,Baracoa,CU,20.3467,-74.4958,77.7,72,86,12.12,overcast clouds
234,Erzin,TR,36.9559,36.2,48.72,89,73,1.61,broken clouds
235,Waingapu,ID,-9.6567,120.2641,78.93,82,100,7.67,overcast clouds
236,Castro,BR,-24.7911,-50.0119,66.24,97,100,8.7,overcast clouds
237,San Patricio,US,28.017,-97.5169,33.89,45,30,19.73,scattered clouds
238,Young,UY,-32.6833,-57.6333,85.23,43,43,9.89,scattered clouds
239,Pathein,MM,16.7833,94.7333,69.98,70,30,5.28,scattered clouds
240,Quatro Barras,BR,-25.3656,-49.0769,78.82,69,75,9.22,broken clouds
241,Grande Prairie,CA,55.1667,-118.8027,5.18,85,75,0.0,broken clouds
242,Geraldton,AU,-28.7667,114.6,72.01,60,0,3.44,clear sky
243,Beloha,MG,-25.1667,45.05,73.78,85,2,20.09,clear sky
244,Marsh Harbour,BS,26.5412,-77.0636,74.88,60,87,12.01,overcast clouds
245,Freeport,US,40.6576,-73.5832,40.08,85,100,1.99,moderate rain
246,Meulaboh,ID,4.1363,96.1285,77.54,87,100,3.96,overcast clouds
247,Diamantino,BR,-14.4086,-56.4461,86.86,60,97,5.48,light rain
248,Avera,US,33.194,-82.5271,65.71,92,100,10.98,overcast clouds
249,Tual,ID,-5.6667,132.75,83.66,75,100,15.14,overcast clouds
250,Sechura,PE,-5.5569,-80.8222,81.48,53,51,7.61,broken clouds
251,Brigantine,US,39.4101,-74.3646,52.07,100,100,11.5,moderate rain
252,Mulanje,MW,-16.0316,35.5,73.36,83,87,3.96,light rain
253,Victoria,HK,22.2855,114.1577,59.25,74,15,3.0,few clouds
254,Magdagachi,RU,53.45,125.8,-0.17,79,99,5.93,overcast clouds
255,Conceicao Do Araguaia,BR,-8.2578,-49.2647,92.05,51,79,0.65,broken clouds
256,Saldanha,ZA,-33.0117,17.9442,75.25,68,0,23.64,clear sky
257,Pangoa,PE,-12.1167,-73.0,83.48,59,100,3.91,light rain
258,Ayan,RU,56.45,138.1667,-4.77,70,99,15.14,overcast clouds
259,Portland,US,45.5234,-122.6762,40.24,95,75,1.01,fog
260,General Roca,AR,-39.0333,-67.5833,83.62,36,67,10.47,broken clouds
261,San Andres,CO,12.5847,-81.7006,84.22,65,40,13.8,scattered clouds
262,Kouroussa,GN,10.65,-9.8833,93.9,8,0,4.43,clear sky
263,Yar-Sale,RU,66.8333,70.8333,6.1,97,100,2.8,light snow
264,Alihe,CN,50.5667,123.7167,-2.06,90,100,3.49,overcast clouds
265,Jiayuguan,CN,39.8167,98.3,15.4,43,100,5.64,overcast clouds
266,Agadez,NE,19.75,10.25,63.5,19,37,7.85,scattered clouds
267,Richards Bay,ZA,-28.783,32.0377,73.13,94,100,14.92,moderate rain
268,Pangnirtung,CA,66.1451,-65.7125,-14.8,70,75,16.11,broken clouds
269,Tilichiki,RU,60.4667,166.1,-5.39,83,87,8.21,overcast clouds
270,Neuquen,AR,-38.9516,-68.0591,78.69,38,75,10.36,broken clouds
271,Krasnyy Chikoy,RU,50.3643,108.7512,-10.05,100,88,2.98,overcast clouds
272,Nantucket,US,41.2835,-70.0995,51.15,95,100,29.08,moderate rain
273,Thinadhoo,MV,0.5333,72.9333,82.13,73,99,9.98,overcast clouds
274,Pisco,PE,-13.7,-76.2167,74.01,73,0,8.05,clear sky
275,Ngunguru,NZ,-35.6167,174.5,71.17,92,76,13.53,broken clouds
276,Maniitsoq,GL,65.4167,-52.9,6.55,86,100,13.18,light snow
277,Olhao,PT,37.0286,-7.8411,55.29,76,40,4.61,scattered clouds
278,Hami,CN,42.8,93.45,23.99,36,74,0.78,broken clouds
279,Kalmar,SE,56.6616,16.3616,41.14,98,100,12.66,overcast clouds
280,Kijang,KR,35.2442,129.2139,28.13,54,4,15.59,clear sky
281,San Quintin,MX,30.4833,-115.95,57.76,24,4,1.92,clear sky
282,Salalah,OM,17.0151,54.0924,72.52,65,0,1.34,clear sky
283,Coihaique,CL,-45.5752,-72.0662,66.81,45,20,8.05,few clouds
284,Kidal,ML,18.4411,1.4078,75.74,8,0,12.46,clear sky
285,Mahebourg,MU,-20.4081,57.7,80.26,94,75,13.8,broken clouds
286,Ribeira Grande,PT,38.5167,-28.7,61.2,82,40,16.11,scattered clouds
287,Launceston,AU,-41.45,147.1667,53.24,85,40,0.0,scattered clouds
288,Monte Patria,CL,-30.6919,-70.9467,82.47,31,0,10.2,clear sky
289,Rocha,UY,-34.4833,-54.3333,79.0,67,55,12.53,broken clouds
290,Dukat,RU,62.55,155.55,-17.27,69,67,8.21,broken clouds
291,Olafsvik,IS,64.8945,-23.7142,28.71,72,75,14.27,broken clouds
292,Vanimo,PG,-2.6741,141.3028,76.73,87,63,3.89,broken clouds
293,Fortuna,US,40.5982,-124.1573,44.65,95,100,1.99,overcast clouds
294,Opuwo,NA,-18.0607,13.84,83.16,24,53,18.86,broken clouds
295,Plainview,US,40.7765,-73.4673,39.58,83,100,3.0,moderate rain
296,Chivacoa,VE,10.1603,-68.895,87.19,44,73,5.19,broken clouds
297,Arlit,NE,18.7369,7.3853,72.3,9,35,3.6,scattered clouds
298,Mareeba,AU,-17.0,145.4333,72.32,95,100,3.15,light rain
299,Inhambane,MZ,-23.865,35.3833,82.38,69,20,13.0,few clouds
300,Pucallpa,PE,-8.3791,-74.5539,84.24,70,75,3.44,broken clouds
301,Pevek,RU,69.7008,170.3133,-24.41,100,93,3.85,overcast clouds
302,Gudur,IN,14.1333,79.85,73.78,85,41,7.61,scattered clouds
303,Lukovetskiy,RU,64.2956,41.9211,-4.02,100,92,2.37,overcast clouds
304,Boyolangu,ID,-8.1181,111.8935,76.69,86,97,2.51,overcast clouds
305,Ostrovnoy,RU,68.0531,39.5131,3.85,97,87,11.01,overcast clouds
306,Kavaratti,IN,10.5669,72.642,79.12,63,61,11.81,broken clouds
307,Hofn,IS,64.2539,-15.2082,32.02,51,20,25.32,few clouds
308,Usinsk,RU,65.9939,57.5281,-4.22,100,90,6.38,overcast clouds
309,Itaituba,BR,-4.2761,-55.9836,84.36,79,40,0.0,scattered clouds
310,Batagay-Alyta,RU,67.8006,130.4114,-26.81,99,10,3.69,clear sky
311,Bhag,PK,29.0415,67.8239,65.46,21,0,4.88,clear sky
312,Omboue,GA,-1.5746,9.2618,80.29,77,49,7.29,scattered clouds
313,Axim,GH,4.8699,-2.2405,83.44,65,43,9.6,scattered clouds
314,Laguna,US,38.421,-121.4238,57.04,82,0,0.0,mist
315,Ulladulla,AU,-35.35,150.4667,61.7,80,85,10.63,overcast clouds
316,Labuan,MY,5.2767,115.2417,80.76,88,20,1.99,few clouds
317,Sola,VU,-13.8833,167.55,81.03,80,100,26.87,moderate rain
318,Turukhansk,RU,65.8167,87.9833,12.11,93,100,14.05,overcast clouds
319,Fergus Falls,US,46.283,-96.0776,-2.22,75,0,24.16,haze
320,Kassala,SD,15.451,36.4,82.35,14,3,22.21,clear sky
321,Jalingo,NG,8.8833,11.3667,87.21,14,5,5.95,clear sky
322,Cabimas,VE,10.3883,-71.4399,84.67,65,8,5.41,clear sky
323,Nicoya,CR,10.1483,-85.452,87.35,39,7,13.42,clear sky
324,Ponta Do Sol,PT,32.6667,-17.1,72.01,79,83,1.3,broken clouds
325,Matamoros,MX,25.5333,-103.25,44.53,50,8,8.57,clear sky
326,Cabo Rojo,PR,18.0866,-67.1457,84.67,64,100,7.38,overcast clouds
327,Hassan,IN,13.0006,76.0994,61.79,77,46,7.7,scattered clouds
328,Bolu,TR,40.6667,31.5833,14.04,95,75,0.87,broken clouds
329,Mayor Pablo Lagerenza,PY,-19.9309,-60.7718,100.22,30,54,16.4,broken clouds
330,Xunchang,CN,28.4543,104.715,45.46,76,96,1.25,overcast clouds
331,Bose,IT,45.4612,8.0137,49.24,69,8,0.47,clear sky
332,Ambilobe,MG,-13.2,49.05,78.1,83,100,11.88,light rain
333,Kharp,RU,66.8014,65.8081,9.48,96,100,3.0,overcast clouds
334,Mehamn,NO,71.0357,27.8492,13.95,85,0,28.77,clear sky
335,Coruripe,BR,-10.1256,-36.1756,85.87,56,33,14.63,scattered clouds
336,Samarai,PG,-10.6167,150.6667,81.03,81,96,8.84,overcast clouds
337,Besikduzu,TR,41.052,39.2284,42.69,91,100,13.49,moderate rain
338,Luba,GQ,3.4568,8.5547,84.09,78,41,8.52,scattered clouds
339,Banjar,ID,-8.19,114.9675,78.66,86,62,2.95,broken clouds
340,Jewar,IN,28.1333,77.55,54.07,84,0,5.28,clear sky
341,Ndele,CF,8.4109,20.6473,84.07,14,39,4.59,scattered clouds
342,Bosobolo,CD,4.1833,19.9,85.59,19,80,0.63,broken clouds
343,Voskresenskoye,RU,56.8381,45.4317,19.35,90,100,11.77,snow
344,Dalnerechensk,RU,45.9339,133.7225,-9.94,99,85,4.92,overcast clouds
345,Tabou,CI,4.423,-7.3528,83.57,68,79,10.18,broken clouds
346,Kizlyar,RU,43.8469,46.715,42.75,78,100,7.58,overcast clouds
347,Souillac,MU,-20.5167,57.5167,80.37,94,75,13.8,light rain
348,Vestmannaeyjar,IS,63.4427,-20.2734,29.39,80,20,11.5,few clouds
349,Chimbote,PE,-9.0853,-78.5783,76.32,69,68,10.38,broken clouds
350,Iquitos,PE,-3.7481,-73.2472,80.64,78,75,2.3,broken clouds
351,Uberaba,BR,-19.7483,-47.9319,84.78,54,75,4.61,broken clouds
352,Cockburn Town,TC,21.4612,-71.1419,75.76,69,0,19.95,clear sky
353,Humberto De Campos,BR,-2.5983,-43.4611,84.36,77,94,7.65,overcast clouds
354,Durres,AL,41.3231,19.4414,44.78,55,27,6.98,scattered clouds
355,Clarksburg,US,39.2807,-80.3445,32.11,95,100,5.75,mist
356,Namibe,AO,-15.1961,12.1522,75.24,67,89,11.21,overcast clouds
357,Constitucion,CL,-35.3333,-72.4167,68.92,69,12,10.13,few clouds
358,Ulaangom,MN,49.9811,92.0667,-21.33,93,80,3.13,broken clouds
359,Port Blair,IN,11.6667,92.75,78.84,83,40,2.3,mist
360,East Grinstead,GB,51.1238,-0.0061,45.45,67,20,4.0,few clouds
361,At-Bashi,KG,41.1702,75.8106,-1.61,79,12,4.54,few clouds
362,Ambon,ID,-3.6954,128.1814,78.94,83,40,6.91,scattered clouds
363,Komsomolets,KZ,53.7453,62.0708,21.27,87,100,11.56,overcast clouds
364,Cabo San Lucas,MX,22.8909,-109.9124,70.52,53,0,1.41,clear sky
365,Samagaltay,RU,50.6022,95.0047,-17.39,96,40,1.05,scattered clouds
366,Alice Springs,AU,-23.7,133.8833,58.55,88,3,0.0,clear sky
367,Puerto Escondido,MX,15.85,-97.0667,82.69,55,0,6.49,clear sky
368,Iqaluit,CA,63.7506,-68.5145,-13.27,53,100,10.36,light snow
369,Leningradskiy,RU,69.3833,178.4167,-16.96,89,3,7.81,clear sky
370,Mahajanga,MG,-15.7167,46.3167,80.62,94,40,10.36,thunderstorm with light rain
371,Pangkalanbuun,ID,-2.6833,111.6167,73.96,95,71,2.24,broken clouds
372,Baishishan,CN,43.5833,127.5667,-3.91,100,100,4.16,overcast clouds
373,Ola,RU,59.5833,151.2833,-4.49,79,77,11.36,broken clouds
374,Lavrentiya,RU,65.5833,-171.0,1.11,53,0,17.65,clear sky
375,Riberalta,BO,-10.9833,-66.1,82.6,83,75,6.91,broken clouds
376,Severomuysk,RU,56.1481,113.4267,-17.3,98,80,5.37,broken clouds
377,Menongue,AO,-14.6585,17.691,65.32,86,100,3.58,overcast clouds
378,Xuddur,SO,4.1213,43.8894,81.05,14,38,10.96,scattered clouds
379,Brownwood,US,31.7093,-98.9912,26.29,76,40,14.97,scattered clouds
380,Pahrump,US,36.2083,-115.9839,44.06,36,0,1.01,clear sky
381,Shahreza,IR,32.0339,51.8794,46.6,76,2,6.04,clear sky
382,Moba,CN,33.2288,105.0179,26.11,94,98,2.89,overcast clouds
383,Balakhninskiy,RU,58.0106,114.2769,-1.14,99,100,2.53,overcast clouds
384,Russell,US,32.3502,-85.1999,49.91,93,100,10.36,moderate rain
385,Igrim,RU,63.1906,64.4162,-7.96,100,72,3.36,broken clouds
386,Ajaccio,FR,42.0,8.9167,50.49,82,100,6.91,overcast clouds
387,Saint-Lo,FR,49.1162,-1.0903,45.79,76,22,9.37,few clouds
388,Pyaozerskiy,RU,65.8333,31.1667,10.87,91,100,10.94,overcast clouds
389,Sorland,NO,67.667,12.6934,33.66,90,100,24.14,overcast clouds
390,Mount Isa,AU,-20.7333,139.5,73.17,38,74,10.36,broken clouds
391,Kwinana,AU,-32.25,115.7667,77.81,76,0,3.74,clear sky
392,Whyalla,AU,-33.0333,137.5833,66.09,72,79,3.44,broken clouds
393,Cheyenne,US,41.14,-104.8203,35.06,50,0,11.5,clear sky
394,Okmulgee,US,35.6234,-95.9605,24.78,58,27,4.61,scattered clouds
395,Kurduvadi,IN,18.0833,75.4333,73.29,24,19,7.29,few clouds
396,Sitka,US,57.0531,-135.33,42.69,87,100,6.91,mist
397,Namwala,ZM,-15.7504,26.4384,68.85,94,99,2.98,overcast clouds
398,Denpasar,ID,-8.65,115.2167,78.46,94,40,3.44,scattered clouds
399,Sokolka,PL,53.4072,23.5023,32.67,98,100,8.97,overcast clouds
400,Lamar,US,33.6668,-95.5836,26.98,86,100,11.5,overcast clouds
401,Hamilton,US,39.1834,-84.5333,25.41,86,100,4.0,mist
402,Bengkulu,ID,-3.8004,102.2655,73.56,97,100,7.45,overcast clouds
403,Bathsheba,BB,13.2167,-59.5167,77.61,78,75,16.11,broken clouds
404,Lagos,NG,6.5833,3.75,89.92,53,15,8.99,few clouds
405,Mana,GF,5.6592,-53.7767,79.18,84,69,9.6,broken clouds
406,Goure,NE,13.9835,10.2704,74.01,10,0,11.41,clear sky
407,Asuncion,PY,-25.3007,-57.6359,83.64,79,100,5.75,overcast clouds
408,Benoy,TD,8.9833,16.3199,83.21,12,29,5.46,scattered clouds
409,Ancud,CL,-41.8697,-73.8203,69.42,72,83,6.96,broken clouds
410,Zaragoza,ES,41.6561,-0.8773,60.03,46,0,5.99,clear sky
411,Calvinia,ZA,-31.4707,19.776,80.35,19,6,11.72,clear sky
412,Caravelas,BR,-17.7125,-39.2481,79.72,77,100,4.59,light rain
413,Andra,RU,62.5147,65.8878,-4.43,100,97,2.64,overcast clouds
414,Sumbe,AO,-11.2061,13.8437,78.31,69,75,10.18,broken clouds
415,Vangaindrano,MG,-23.35,47.6,75.78,92,82,10.85,light rain
416,Los Llanos De Aridane,ES,28.6585,-17.9182,67.12,67,20,5.01,few clouds
417,Santa Ana,US,33.7456,-117.8678,64.63,24,3,7.0,clear sky
418,Mae Sai,TH,20.4335,99.8762,65.89,65,0,2.33,clear sky
419,Imeni Poliny Osipenko,RU,52.4201,136.4853,2.95,96,100,5.95,light snow
420,Shitanjing,CN,39.2342,106.3439,15.1,37,36,3.02,scattered clouds
421,San Jose,US,37.3394,-121.895,56.5,65,0,0.0,clear sky
422,Stokmarknes,NO,68.5646,14.9108,24.78,68,75,21.85,broken clouds
423,Nadbai,IN,27.2333,77.2,50.36,84,0,3.83,clear sky
424,Yaroslavskaya,RU,44.6106,40.4642,31.8,98,100,9.24,snow
425,Kagoro,NG,9.6,8.3833,83.95,13,0,7.18,clear sky
426,Plettenberg Bay,ZA,-34.0527,23.3716,65.26,65,100,6.17,overcast clouds
427,Solnechnyy,RU,50.7214,136.6319,0.01,98,100,1.45,overcast clouds
428,Makat,KZ,47.6469,53.3463,33.76,88,100,15.17,overcast clouds
429,Taruma,BR,-22.7467,-50.5772,71.33,96,100,2.21,overcast clouds
430,Sembe,CG,1.6481,14.5806,86.94,35,95,2.8,overcast clouds
431,Darnah,LY,32.767,22.6367,53.85,63,12,16.93,few clouds
432,Hervey Bay,AU,-25.2986,152.8535,70.03,78,100,10.0,overcast clouds
433,Rantepao,ID,-2.9701,119.8978,67.75,94,100,1.99,light rain
434,Tukrah,LY,32.5341,20.5791,53.8,68,5,9.84,clear sky
435,Esperance,AU,-33.8667,121.9,66.04,74,0,15.59,clear sky
436,Saint-Pierre,RE,-21.3393,55.4781,80.28,74,75,5.75,broken clouds
437,La Ronge,CA,55.1001,-105.2842,-25.35,68,40,2.3,scattered clouds
438,Galesong,ID,-5.3166,119.3661,77.02,82,100,8.14,overcast clouds
439,Benghazi,LY,32.1167,20.0667,56.46,62,2,10.92,clear sky
440,Honiara,SB,-9.4333,159.95,77.83,88,100,2.55,overcast clouds
441,Tucuman,AR,-26.8241,-65.2226,78.8,73,75,16.11,broken clouds
442,Aden,YE,12.7794,45.0367,78.1,55,20,4.0,few clouds
443,Anloga,GH,5.7947,0.8973,86.22,71,11,14.5,few clouds
444,Aksarka,RU,66.5606,67.7975,5.38,97,100,2.8,light snow
445,Lucapa,AO,-8.4192,20.7447,65.3,97,92,3.98,overcast clouds
446,Torbay,CA,47.6666,-52.7314,33.58,95,100,10.36,fog
447,Wanaka,NZ,-44.7,169.15,51.12,88,100,1.99,overcast clouds
448,Graaff-Reinet,ZA,-32.2522,24.5308,64.92,73,38,14.56,scattered clouds
449,Marawi,PH,7.9986,124.2928,65.64,90,100,2.98,overcast clouds
450,Rawson,AR,-43.3002,-65.1023,64.98,64,96,27.2,overcast clouds
451,Huanren,CN,41.2647,125.3667,0.52,93,23,1.5,few clouds
452,Cururupu,BR,-1.8283,-44.8683,84.83,68,88,6.69,overcast clouds
453,Guaymango,SV,13.7503,-89.8422,85.12,37,0,6.98,clear sky
454,Mount Gambier,AU,-37.8333,140.7667,53.51,94,12,8.05,few clouds
455,Saint Anthony,US,45.0205,-93.218,7.79,72,100,3.0,haze
456,Tchaourou,BJ,8.8865,2.5975,93.49,11,4,4.43,clear sky
457,Skjold,DK,55.7971,9.9397,36.39,90,100,8.3,light rain
458,Manado,ID,1.487,124.8455,74.17,94,40,2.3,scattered clouds
459,Lamu,KE,-2.2717,40.902,80.82,86,85,11.81,overcast clouds
460,Kaspiyskiy,RU,45.3929,47.3707,40.62,84,100,7.38,overcast clouds
461,Noumea,NC,-22.2763,166.4572,75.18,84,100,2.33,overcast clouds
462,Chacabuco,AR,-34.6417,-60.4739,78.8,57,93,3.91,light rain
463,Kayes,ML,14.0,-11.0,94.91,5,0,6.62,clear sky
464,Schwedt,DE,53.0596,14.2815,46.81,80,100,15.93,overcast clouds
465,Novouzensk,RU,50.4592,48.1431,31.12,98,96,5.28,overcast clouds
466,Grand Gaube,MU,-20.0064,57.6608,80.38,82,100,7.0,overcast clouds
467,Santa Maria,BR,-29.6842,-53.8069,78.1,94,75,6.91,broken clouds
468,Kenora,CA,49.8167,-94.4337,-6.41,77,0,4.61,clear sky
469,Aktau,KZ,43.65,51.2,39.78,86,100,12.95,overcast clouds
470,Mandan,US,46.8267,-100.8896,-2.97,72,0,9.22,clear sky
471,Del Rio,US,29.3627,-100.8968,33.42,55,100,18.41,overcast clouds
472,Halapitan,PH,7.9175,125.33,67.77,97,100,2.93,overcast clouds
473,Camaqua,BR,-30.8511,-51.8122,72.54,96,93,1.48,overcast clouds
474,Thale,DE,51.75,11.05,46.06,77,98,16.87,overcast clouds
475,Kisangani,CD,0.5167,25.2,80.96,83,75,0.0,broken clouds
476,Lysva,RU,58.1086,57.8053,27.23,96,100,7.47,light snow
477,Alofi,NU,-19.0595,-169.9187,76.89,83,100,10.36,overcast clouds
478,Narsaq,GL,60.9167,-46.05,3.67,68,86,22.06,overcast clouds
479,Iskateley,RU,67.6803,53.1512,-5.06,100,93,4.68,overcast clouds
480,Ilhabela,BR,-23.7781,-45.3581,80.4,86,82,4.79,broken clouds
481,Huai Yot,TH,7.7893,99.6348,75.65,88,38,6.31,scattered clouds
482,Neiafu,TO,-18.65,-173.9833,79.48,89,75,8.05,broken clouds
483,Paidha,UG,2.4167,30.9855,70.83,41,100,2.68,overcast clouds
484,Myra,IT,45.4358,12.1348,51.42,77,40,4.61,scattered clouds
485,Kasongo-Lunda,CD,-6.4667,16.8167,73.47,88,99,1.12,overcast clouds
486,Suntar,RU,62.1444,117.6319,-21.39,100,98,1.74,overcast clouds
487,Mackay,AU,-21.15,149.2,78.78,83,75,26.46,broken clouds
488,Babushkin,RU,51.7122,105.8647,6.24,91,75,5.46,broken clouds
489,Mitsamiouli,KM,-11.3847,43.2844,82.69,89,75,5.75,light rain
490,Kabarnet,KE,0.4919,35.743,70.61,34,99,3.89,overcast clouds
491,Port Keats,AU,-14.25,129.55,80.15,83,100,5.39,overcast clouds
492,Omsukchan,RU,62.5333,155.8,-17.41,71,56,9.19,broken clouds
493,Srednekolymsk,RU,67.45,153.6833,-33.84,100,100,1.43,overcast clouds
494,Alvaraes,BR,-3.2208,-64.8042,87.67,61,94,2.66,overcast clouds
495,Waipawa,NZ,-41.4122,175.5153,56.03,96,100,13.89,light rain
496,Fort Nelson,CA,58.8053,-122.7002,-11.61,77,100,3.44,snow
497,Chegdomyn,RU,51.1167,133.0167,-11.83,99,100,0.31,overcast clouds
498,Port Lincoln,AU,-34.7333,135.8667,63.34,81,61,15.9,broken clouds
499,Morehead,US,37.2711,-87.1764,25.0,89,100,3.0,overcast clouds
500,Okha,RU,53.5739,142.9478,4.6,94,100,19.06,light snow
501,Kushiro,JP,42.975,144.3747,15.46,85,45,5.57,scattered clouds
502,Evensk,RU,61.95,159.2333,12.81,44,50,19.28,scattered clouds
503,Ayagoz,KZ,47.9714,80.4392,-11.16,92,4,6.04,clear sky
504,Malacacheta,BR,-17.8422,-42.0767,78.57,79,100,3.0,overcast clouds
505,Matara,LK,5.9485,80.5353,74.71,81,41,3.49,scattered clouds
506,Bara,NG,10.3744,10.7288,103.78,14,0,9.24,clear sky
507,Dali,CN,25.7,100.1833,43.16,73,3,3.78,clear sky
508,Terrace,CA,54.5163,-128.6035,39.11,93,100,21.85,light rain
509,Itoman,JP,26.1247,127.6694,60.82,67,75,18.41,broken clouds
510,Port Hardy,CA,50.6996,-127.4199,46.76,93,75,4.61,light rain
511,Adrar,MR,20.5022,-10.0711,81.88,7,9,9.08,clear sky
512,Malartic,CA,48.1335,-78.1328,-3.98,59,28,6.13,scattered clouds
513,Birjand,IR,32.8663,59.2211,45.07,49,0,4.61,clear sky
514,Tautira,PF,-17.7333,-149.15,78.82,77,50,15.64,scattered clouds
515,Eureka,US,40.8021,-124.1637,44.92,93,90,1.01,overcast clouds
516,Vostok,RU,46.4856,135.8833,-12.28,99,100,3.53,overcast clouds
517,Saucillo,MX,28.0167,-105.2833,36.34,37,54,6.96,broken clouds
518,Portadown,GB,54.4241,-6.4412,42.62,75,44,16.26,scattered clouds
519,Dinguiraye,GN,11.3,-10.7167,92.34,8,0,4.16,clear sky
520,Vavuniya,LK,8.7514,80.4971,69.89,87,0,3.51,clear sky
521,Naze,JP,28.3667,129.4833,52.43,60,98,16.53,overcast clouds
522,Husavik,IS,66.0449,-17.3389,26.51,91,100,18.39,light snow
523,Omachi,JP,36.5,137.8667,29.73,80,94,4.41,light snow
524,Kudahuvadhoo,MV,2.6708,72.8944,81.93,74,66,9.26,broken clouds
525,Boundiali,CI,9.5217,-6.4869,93.49,7,20,3.09,few clouds
526,Iwanai,JP,42.9744,140.5089,22.05,86,100,9.24,light snow
527,Otacilio Costa,BR,-27.4831,-50.1219,69.73,98,100,2.77,overcast clouds
528,Honningsvag,NO,70.9821,25.9704,13.53,80,100,32.59,light snow
529,Palauig,PH,15.435,119.9045,77.7,75,62,3.11,broken clouds
530,Anju,KP,39.6178,125.6647,9.03,75,0,4.81,clear sky
531,San Felipe,VE,10.3399,-68.7425,87.17,43,50,8.81,scattered clouds
532,Matay,EG,28.419,30.7792,58.82,43,57,14.05,broken clouds
533,Kodino,RU,63.7198,39.6447,-5.62,100,65,2.46,broken clouds
534,Luanda,AO,-8.8368,13.2343,78.66,72,100,12.8,overcast clouds
535,Port-Cartier,CA,50.0334,-66.8654,3.74,71,59,5.61,broken clouds
536,Boden,SE,65.8252,21.6886,24.8,95,100,14.72,snow
537,Medveda,RU,56.5081,92.4078,8.53,88,98,5.97,overcast clouds
538,Aosta,IT,45.7667,7.4167,34.57,61,6,2.3,clear sky
539,Tekeli,KZ,44.83,78.8239,16.02,63,9,10.49,clear sky
540,Sal Rei,CV,16.1833,-22.9167,77.2,69,20,16.11,few clouds
541,Tomohon,ID,1.3346,124.8392,65.34,94,100,0.11,overcast clouds
542,North Bend,US,43.4065,-124.2243,42.08,100,100,10.36,mist
543,Atasu,KZ,48.6814,71.6433,7.18,71,5,9.44,clear sky
544,Takoradi,GH,4.8845,-1.7554,83.84,64,13,10.87,few clouds
545,Warmbad,NA,-28.45,18.7333,90.68,24,6,10.25,clear sky
546,Yerbogachen,RU,61.2767,108.0108,-20.29,100,87,2.62,overcast clouds
547,Trat,TH,12.5,102.5,81.99,84,5,5.57,clear sky
548,Nemuro,JP,43.3236,145.575,21.18,79,73,9.15,broken clouds
549,Rapid City,US,44.0805,-103.231,33.1,74,0,1.01,clear sky
550,Zambezi,ZM,-13.5432,23.1047,67.32,93,100,5.14,light rain
551,Jinka,ET,5.65,36.65,72.43,45,82,1.72,broken clouds
552,La Macarena,CO,2.1837,-73.7849,91.89,41,90,5.68,overcast clouds
553,Dawei,MM,14.0833,98.2,72.61,87,2,3.27,clear sky
554,Hobyo,SO,5.3505,48.5268,77.09,69,6,17.13,clear sky
555,Vila,PT,42.0304,-8.1588,45.73,82,100,4.05,overcast clouds
556,Karasjok,NO,69.4719,25.5112,8.71,94,100,24.63,light snow
557,Baculin,PH,7.4525,126.5842,76.21,82,100,6.38,overcast clouds
558,Sept-Iles,CA,50.2001,-66.3821,4.05,51,40,5.99,scattered clouds
559,Lucea,JM,18.451,-78.1736,84.06,69,2,16.71,clear sky
560,Privas,FR,44.5833,4.5,51.24,71,68,4.76,broken clouds
561,Namatanai,PG,-3.6667,152.4333,79.9,80,100,7.07,overcast clouds
562,Vuktyl,RU,63.8567,57.3094,2.32,100,95,2.42,overcast clouds
563,Yeppoon,AU,-23.1333,150.7333,73.18,73,100,22.32,overcast clouds
564,Bemidji,US,47.4736,-94.8803,1.18,72,0,12.66,clear sky
565,Dharchula,IN,29.85,80.5333,35.04,82,87,7.78,overcast clouds
566,Plyussa,RU,58.4308,29.3654,12.83,95,79,8.05,broken clouds
567,Thap Than,TH,15.4606,99.8917,81.72,55,10,0.36,clear sky
568,Angren,UZ,41.0167,70.1436,31.55,33,0,11.12,clear sky
569,Mugango,TZ,-1.6833,33.7,75.38,66,100,4.63,overcast clouds
570,Batamshinskiy,KZ,50.5594,58.2747,8.58,90,100,16.71,overcast clouds
571,Kondinskoye,RU,59.6481,67.41,18.14,98,100,3.04,overcast clouds
572,Vung Tau,VN,10.346,107.0843,77.47,79,87,17.31,overcast clouds
573,Bonavista,CA,48.6499,-53.1147,32.11,94,100,19.69,snow
574,Polunochnoye,RU,60.8697,60.4153,3.22,97,100,2.44,overcast clouds
575,Athabasca,CA,54.7169,-113.2854,-3.59,96,100,8.28,snow
576,Ishigaki,JP,24.3448,124.1572,63.28,77,100,27.25,overcast clouds
577,Ugoofaaru,MV,5.6667,73.0,81.5,70,55,9.69,broken clouds
578,Soufriere,LC,13.8562,-61.0566,82.0,65,75,20.71,broken clouds
579,Maceo,CO,6.552,-74.7874,76.91,72,39,3.18,scattered clouds
580,Sangar,RU,63.9242,127.4739,-34.19,100,92,1.92,overcast clouds
581,Xinxiang,CN,35.3089,113.8672,30.92,43,45,4.74,scattered clouds
582,Winnemucca,US,40.973,-117.7357,34.29,43,2,2.68,clear sky
583,Okhotsk,RU,59.3833,143.3,-1.97,74,29,15.12,scattered clouds
584,Lodwar,KE,3.1191,35.5973,89.82,25,100,2.37,overcast clouds
585,Tokur,RU,53.1333,132.9,-12.14,99,100,2.39,overcast clouds
586,Zyryanovsk,KZ,49.7386,84.2719,-14.24,99,54,2.33,broken clouds
587,Stephenville,US,32.2207,-98.2023,25.25,85,100,0.0,overcast clouds
588,Lata,PT,40.1629,-8.3327,57.34,69,99,6.08,overcast clouds
589,Karak,JO,31.1667,35.75,43.52,82,74,19.04,broken clouds
590,Libreville,GA,0.3925,9.4537,81.45,73,90,8.7,overcast clouds
591,Aloleng,PH,16.1307,119.7824,77.94,79,17,6.98,few clouds
592,Poum,NC,-20.2333,164.0167,81.07,86,100,17.45,moderate rain
593,Yumen,CN,40.2833,97.2,16.95,41,100,14.25,overcast clouds
594,Kupino,RU,54.3663,77.2981,12.04,86,98,10.49,overcast clouds
595,Mapiripan,CO,2.8892,-72.1256,92.93,39,73,9.46,broken clouds
596,Tabora,TZ,-5.0167,32.8,64.18,100,100,11.5,light rain
597,Andenes,NO,69.3143,16.1194,24.78,63,75,23.02,broken clouds
598,Bandarbeyla,SO,9.4942,50.8122,76.03,61,2,11.63,clear sky
599,Great Bend,US,38.3645,-98.7648,32.85,58,1,5.01,clear sky
600,Parana,AR,-31.732,-60.5238,85.57,56,80,8.63,broken clouds
601,Vrangel,RU,42.7297,133.0839,11.46,60,53,17.45,broken clouds
602,Kangaatsiaq,GL,68.3065,-53.4641,8.53,94,100,20.76,light snow
603,Kaset Sombun,TH,16.2805,101.9542,73.44,61,24,4.21,few clouds
604,Port Macquarie,AU,-31.4333,152.9167,67.96,67,83,15.12,broken clouds
605,Krasnovishersk,RU,60.4078,57.082,2.44,98,100,3.22,overcast clouds
606,Minab,IR,27.1467,57.0801,71.1,72,0,2.3,clear sky
607,Algiers,DZ,36.7525,3.042,60.62,55,0,9.22,clear sky
608,Bilibino,RU,68.0546,166.4372,-9.11,77,0,4.74,clear sky
609,Zaliztsi,UA,49.7919,25.373,31.89,97,96,5.79,overcast clouds
610,Piracanjuba,BR,-17.3028,-49.0167,82.33,64,98,2.44,overcast clouds
611,Maceio,BR,-9.6658,-35.7353,89.04,48,40,16.11,scattered clouds
612,Naryan-Mar,RU,67.6713,53.087,-5.3,100,92,4.7,overcast clouds
613,Nanortalik,GL,60.1432,-45.2371,10.89,83,100,41.96,light snow
614,Pietersburg,ZA,-23.9045,29.4688,77.85,50,20,11.5,few clouds
615,Bijar,IR,35.8668,47.6051,31.51,82,64,20.6,broken clouds
616,Camacha,PT,33.0833,-16.3333,68.54,82,20,3.44,few clouds
617,Wynyard,AU,-41.0,145.7167,56.98,89,30,3.83,scattered clouds
618,Lufilufi,WS,-13.8745,-171.5986,76.78,79,89,16.93,moderate rain
619,Ust-Maya,RU,60.4167,134.5333,-29.24,100,99,0.18,overcast clouds
620,Maravilha,BR,-26.7608,-53.1725,78.8,85,100,8.32,overcast clouds
621,San Rafael,AR,-34.6177,-68.3301,80.98,30,1,4.45,clear sky
622,Flin Flon,CA,54.7682,-101.865,-23.96,69,20,4.61,few clouds
623,Bethanien,NA,-26.502,17.1583,81.45,36,83,7.54,broken clouds
624,Fez,MA,34.0372,-4.9998,66.45,32,0,6.91,clear sky
625,Nelson Bay,AU,-32.7167,152.15,70.0,63,63,4.0,broken clouds
626,Semirom,IR,31.4167,51.5667,34.65,98,91,5.48,snow
627,Bima,ID,-8.4667,118.7167,76.51,94,95,1.61,overcast clouds
628,Coihueco,CL,-36.6167,-71.8333,75.94,47,20,11.5,few clouds
629,Moose Factory,CA,51.2585,-80.6094,-11.2,64,0,8.05,clear sky
630,Cervo,ES,43.6702,-7.4101,54.97,74,98,10.22,overcast clouds
631,Makushino,RU,55.2103,67.2442,20.17,82,100,12.41,overcast clouds
632,Sandwick,GB,60.0,-1.25,37.22,75,40,28.77,scattered clouds
633,Saint-Joseph,RE,-21.3667,55.6167,79.18,85,100,25.14,moderate rain
634,Panguna,PG,-6.3164,155.4848,70.32,95,99,3.27,overcast clouds
635,Vardo,NO,70.3705,31.1107,19.38,79,75,20.71,broken clouds
636,Dalhousie,IN,32.5333,75.9833,28.45,76,25,6.93,scattered clouds
637,Sosnogorsk,RU,63.6023,53.8817,-1.8,100,91,2.93,overcast clouds
638,Benguela,AO,-12.5763,13.4055,78.12,65,97,8.23,overcast clouds
639,Krasnaya Poyma,RU,55.0014,39.08,15.53,94,99,7.07,overcast clouds
640,Makakilo City,US,21.3469,-158.0858,67.28,83,0,1.16,clear sky
641,Yaan,NG,7.3833,8.5667,92.8,10,1,8.3,clear sky
642,Nome,US,64.5011,-165.4064,7.11,64,100,13.51,overcast clouds
643,Tynset,NO,62.2759,10.7824,28.02,90,14,9.24,few clouds
644,Boddam,GB,57.4667,-1.7833,36.09,64,79,25.43,broken clouds
645,Krasnoselkup,RU,65.7,82.4667,15.96,96,100,6.44,light snow
646,Half Moon Bay,US,37.4636,-122.4286,55.31,81,0,0.0,clear sky
647,Tramagal,PT,39.45,-8.25,61.23,62,99,9.73,overcast clouds
648,Craig,US,40.5153,-107.5464,14.18,85,12,4.18,few clouds
649,West Wendover,US,40.7391,-114.0733,26.87,58,18,2.48,few clouds
650,San-Pedro,CI,4.7485,-6.6363,83.8,67,59,10.0,broken clouds
651,Barcelos,PT,41.5388,-8.6151,55.85,70,98,7.49,overcast clouds
652,Totma,RU,59.9747,42.7642,-7.37,100,80,2.95,broken clouds
653,Amahai,ID,-3.3333,128.9167,78.53,84,98,5.59,overcast clouds
654,Nizhniy Odes,RU,63.6445,54.856,0.25,100,97,2.55,overcast clouds
655,Shar,KZ,49.5886,81.0453,-5.24,88,3,8.14,clear sky
656,Tezu,IN,27.9167,96.1667,62.26,51,100,3.09,overcast clouds
657,Taksimo,RU,56.3444,114.8794,-9.99,92,84,3.33,broken clouds
658,Tshikapa,CD,-6.4167,20.8,72.63,86,80,1.36,broken clouds
659,Primo Tapia,MX,32.22,-116.9172,62.19,22,1,20.8,clear sky
660,Doha,QA,25.2867,51.5333,67.98,73,0,8.05,clear sky
661,Santiago Del Estero,AR,-27.7951,-64.2615,82.11,60,80,11.1,moderate rain
662,Twin Falls,US,42.3505,-114.6445,19.92,83,66,4.59,broken clouds
663,Araouane,ML,18.9048,-3.5265,80.37,7,0,7.99,clear sky
664,Krasnyy Kut,RU,50.95,46.9667,32.79,100,100,5.44,overcast clouds
665,Pakokku,MM,21.3333,95.1,68.45,43,0,0.56,clear sky
666,San Clemente,US,33.427,-117.612,64.22,22,2,3.0,clear sky
667,Taft,IR,31.7471,54.2088,59.65,37,75,9.64,broken clouds
668,Tra Vinh,VN,9.9347,106.3453,77.92,74,63,13.98,broken clouds
669,Hachinohe,JP,40.5,141.5,23.83,76,56,11.72,broken clouds
670,Lyubim,RU,58.3625,40.6843,6.31,99,82,4.0,light snow
671,Puerto Leguizamo,CO,-0.1934,-74.7819,92.43,44,61,3.0,broken clouds
672,Lekoni,GA,-1.5843,14.2591,79.05,70,79,5.66,broken clouds
673,Petukhovo,RU,55.0692,67.9019,20.35,81,100,12.03,overcast clouds
674,Inuvik,CA,68.3499,-133.7218,-28.79,96,17,11.59,few clouds
675,Kushima,JP,31.4583,131.2333,40.12,78,2,7.67,clear sky
676,Grafton,US,42.207,-71.6856,32.95,93,100,10.36,light rain
677,Sobolevo,RU,54.4299,31.8996,3.38,100,72,2.82,broken clouds
678,Elizabeth City,US,36.2946,-76.2511,74.05,79,100,3.0,overcast clouds
679,Usevya,TZ,-7.1,31.2333,65.91,97,100,3.11,moderate rain
680,Uruzgan,AF,32.8333,66.0,36.36,41,34,6.42,scattered clouds
681,Kaeo,NZ,-35.1,173.7833,71.33,96,88,9.93,overcast clouds
